[
  {
    "id": "4af149ba-1722-453b-9ff1-2637bf78fc90",
    "data": [
      {
        "text": "Order me a pizza on the mobile number ",
        "userDefined": false
      },
      {
        "text": "8076930545",
        "meta": "@sys.phone-number",
        "alias": "phone-number",
        "userDefined": true
      }
    ],
    "isTemplate": false,
    "count": 0,
    "lang": "en",
    "updated": 0
  },
  {
    "id": "98098c0a-b406-4c89-88b2-ea9f40891f3d",
    "data": [
      {
        "text": "order me a pizza at the mail ",
        "userDefined": false
      },
      {
        "text": "srivastavapahal14@gmail.com",
        "meta": "@sys.email",
        "alias": "email",
        "userDefined": true
      }
    ],
    "isTemplate": false,
    "count": 0,
    "lang": "en",
    "updated": 0
  },
  {
    "id": "43442b89-b6bb-44a0-99eb-130b38dcbf3f",
    "data": [
      {
        "text": "could you order me a pizza",
        "userDefined": false
      }
    ],
    "isTemplate": false,
    "count": 0,
    "lang": "en",
    "updated": 0
  },
  {
    "id": "181a4fa1-b879-4985-b680-e030bd6de58c",
    "data": [
      {
        "text": "Could you order me  a pizz a",
        "userDefined": false
      }
    ],
    "isTemplate": false,
    "count": 0,
    "lang": "en",
    "updated": 0
  },
  {
    "id": "0529de9a-bcdb-44f7-9dba-11d66baaacdd",
    "data": [
      {
        "text": "Order a pizza",
        "userDefined": false
      }
    ],
    "isTemplate": false,
    "count": 0,
    "lang": "en",
    "updated": 0
  },
  {
    "id": "1a88dee6-6da2-46a7-ad0b-a363249894f8",
    "data": [
      {
        "text": "Please order me a pizza",
        "userDefined": false
      }
    ],
    "isTemplate": false,
    "count": 0,
    "lang": "en",
    "updated": 0
  }
]